idna_subject,checker_type,destination,tested_at
xxx.allover.co.za,AVAILABILITY,domains.list,2025-06-18 06:57:45.182017+00:00
auth.githubtalentcommunity.online,AVAILABILITY,domains.list,2025-06-18 06:57:45.417888+00:00
txrx.bol.com,AVAILABILITY,domains.list,2025-06-18 06:57:45.851472+00:00
ylxq.gtm-dukelgagigal.com,AVAILABILITY,domains.list,2025-06-18 06:57:46.089177+00:00
sactionedsuicide.site,AVAILABILITY,domains.list,2025-06-18 06:57:46.605631+00:00
kpiw.ooredoo.dz,AVAILABILITY,domains.list,2025-06-18 06:57:48.330125+00:00
api.sjowj.com,AVAILABILITY,domains.list,2025-06-18 06:57:48.605877+00:00
api.wedygh.com,AVAILABILITY,domains.list,2025-06-18 06:57:48.801611+00:00
accounts.you.tube-award.pro,AVAILABILITY,domains.list,2025-06-18 06:57:49.018690+00:00
copyright.you.tube-award.pro,AVAILABILITY,domains.list,2025-06-18 06:57:49.298543+00:00
bestellungdiskret.de,AVAILABILITY,domains.list,2025-06-18 06:57:49.950187+00:00
bestebestellung.de,AVAILABILITY,domains.list,2025-06-18 06:57:50.614365+00:00
you.tube-award.pro,AVAILABILITY,domains.list,2025-06-18 06:57:50.804532+00:00
directlink.thomecallex.com,AVAILABILITY,domains.list,2025-06-18 06:57:51.016756+00:00
api.skfudf763-dsfew95-90fjksj.xyz,AVAILABILITY,domains.list,2025-06-18 06:57:51.233097+00:00
yebo.yeboyingshi.vip,AVAILABILITY,domains.list,2025-06-18 06:57:51.419212+00:00
cdn.polyfill.io,AVAILABILITY,domains.list,2025-06-18 06:57:51.601171+00:00
direct27423.downloadsrvs.com,AVAILABILITY,domains.list,2025-06-18 06:57:52.394059+00:00
newcrbpc.com,AVAILABILITY,domains.list,2025-06-18 06:57:52.624765+00:00
fix-crowdstrike-apocalypse.com,AVAILABILITY,domains.list,2025-06-18 06:57:52.900928+00:00
api.7dshfewr-0ewfivjkys.xyz,AVAILABILITY,domains.list,2025-06-18 06:57:53.095076+00:00
api.dsh896cds-kjlal99ys.xyz,AVAILABILITY,domains.list,2025-06-18 06:57:53.290340+00:00
api.hfk128dfs-dsfbheuoys.xyz,AVAILABILITY,domains.list,2025-06-18 06:57:53.508050+00:00
api.jfdkgj98dsd-zvdssv079ys.xyz,AVAILABILITY,domains.list,2025-06-18 06:57:53.724206+00:00
api.hasbh6sb-hab3216jhxbxjh.xyz,AVAILABILITY,domains.list,2025-06-18 06:57:53.991225+00:00
api.uygwuq-cbiue2efwer2-wef.xyz,AVAILABILITY,domains.list,2025-06-18 06:57:54.233395+00:00
api.fdhfk8-324fddf.xyz,AVAILABILITY,domains.list,2025-06-18 06:57:54.480219+00:00
api.hfib5s-sdds-248d.xyz,AVAILABILITY,domains.list,2025-06-18 06:57:54.737689+00:00
api.ihu-3324dss-5fvs.xyz,AVAILABILITY,domains.list,2025-06-18 06:57:54.924384+00:00
api.sihfsi-dfsg25fd.xyz,AVAILABILITY,domains.list,2025-06-18 06:57:55.132353+00:00
api.yewg8dv-ds2dssd.xyz,AVAILABILITY,domains.list,2025-06-18 06:57:55.370988+00:00
